http://www.foxnews.com/us/2014/01/24/notorious-revenge-porn-site-operator-charged-with-hacking/	Fri, 24 Jan 2014 01:03:56 EST	'Revenge' porn site operator charged with hacking 	http://www.foxnews.com/us/2014/01/24/notorious-revenge-porn-site-operator-charged-with-hacking
11 moore
6 photos
6 evens
5 2012
4 site
4 los
4 daughter
4 angeles
3 website
3 people
3 nude
3 indictment
3 email
2 woman
2 week
2 show
2 posting
2 paid
2 man
2 made
2 interview
2 included
2 images
2 hundreds
2 hacking
2 hacked
2 federal
2 court
2 called
2 bbc
2 arrested
2 added
2 accounts
2 account
1 years
1 woodland
1 wheelchair
1 told
1 time
1 thursday
1 thom
1 theft
1 technology
1 submitted
1 studio
1 stone
1 stealing
1 spouses
1 spokesman
1 someones
1 sold
1 shes
1 shady
1 sending
1 selfies
1 scoffed
1 scheme
1 sacramento
1 rolling
1 revenue
1 revenge
1 resulted
1 requests
1 republican
1 remove
1 remained
1 refusing
1 ran
1 published
1 providing
1 prosecutors
1 prison
1 press
1 posted
1 pornography
1 porn
1 pleaded
1 plea
1 pictures
1 permission
1 peoples
1 paypal
1 pay
1 outlets
1 organization
1 orders
1 operator
1 online
1 offered
1 obtained
1 notorious
1 notoriety
1 naked
1 mrozek
1 month
1 monetize
1 mistakes
1 million
1 men
1 media
1 means
1 major
1 magazine
1 lovers
1 livelihood
1 kind
1 january
1 jailed
1 issued
1 isanyoneupcom
1 internet
1 including
1 illegal
1 idol
1 identity
1 hurt
1 hunter
1 home
1 hated
1 guys
1 guilty
1 flood
1 finally
1 finalist
1 fbi
1 face
1 explicit
1 ethics
1 enter
1 ended
1 emails
1 educated
1 dubbed
1 drew
1 dr
1 donor
1 detection
1 details
1 depicted
1 defended
1 cyberraped
1 convicted
1 contend
1 conspiracy
1 computer
1 cnns
1 city
1 child
1 chastised
1 charles
1 charges
1 charged
1 challenges
1 ceaseanddesist
1 california
1 business
1 avoid
1 attorneys
1 asked
1 article
1 area
1 appeared
1 anticyberbullying
1 anonymous
1 american
1 alongside
1 alleged
1 aiding
1 aggravated
1 agents
1 affect
1 advertising
1 acknowledged
1 accessing
1 abetting
1 900
1 8211
1 27
1 25
1 24
1 2014
1 2010
1 20000
1 200
1 15count
