http://abcnews.go.com/International/wireStory/south-sudan-rebels-sign-cessation-hostilities-21639449	Fri, 24 Jan 2014 12:19:08 GMT	S. Sudan Rebels Say Gov't Violating New Cease-Fire	http://feeds.abcnews.com/c/35229/f/654824/s/3645eca5/sc/40/l/0Labcnews0Bgo0N0CInternational0CwireStory0Csouth0Esudan0Erebels0Esign0Ecessation0Ehostilities0E21639449/story01.ht
3 government
3 forces
3 fighting
2 thursday
2 sudan
2 state
2 spokesman
2 south
2 signed
2 rebels
2 rebel
2 positions
2 koang
2 jonglei
2 attacks
2 attacking
2 aguer
1 worlds
1 violence
1 violation
1 unity
1 thousands
1 soldiers
1 ruai
1 philip
1 people
1 peace
1 opposition
1 oilrich
1 occurred
1 newest
1 military
1 lul
1 killing
1 gen
1 friday
1 ethiopia
1 defend
1 dec
1 deal
1 day
1 country
1 col
1 clear
1 ceasefire
1 called
1 broke
1 brig
1 aware
1 attacked
1 15
